Position, Company, Location, URL
full details of General Hosting Support, Interactive Strategies, Hybrid remote in Washington  DC 20036, https://www.indeed.com/pagead/clk?mo=r&ad=-6NYlbfkN0CmrEXGFz7WirEBi6a398y9LxkVzHRXaVcgeSR8bP4HK8HRWPTGhlzILh0eUDYh9UzK2b69V5oAHCAfmCiVlWpRYFhZUiZ7ELsToNykLxkLhTI558TSV0AuMm7EkCCW55nIRpLW4-Ya9kDw8Ep-CEHOe4zg6faj2mwKzWBu7s2sirBrrrwZJ1aoWu_EFTgbLutxrHYVY0HxGzGIvi-_2JttBQ5dJZeGSeypw9ciFjraUmzoZgx4EQu6KuoME0UH-0NOzX24f9qAldHkGUvnpaHDuB4mTVtG4mDCBwRpm1piLCOaVbGxJ1QaaM_BvA5jwL_TLVF6C-HPOCnV_c012VS2q-1qReI6vywR0Y1sgAWkNl2BIfyXNRtF53XpTxTvr9nKydfeS-SKrGXNdE9W_KtPM6aac-wCPMxnseZ1DrgyNcgp1sApstg1cOTBwyg8zwThNqVyPL01ofjCqksJ5AYY8dHMdJYLMwb7Ee9YFDMVdcuKLc94ciCnUwsPqGfov8SGgUOmHPbCoQ==&xkcb=SoCC-_M3MXV7WtX-wp0ZbzkdCdPP&p=0&fvj=1&vjs=3
full details of Security Operations Center Manager (SOC Manager), GloComms, United States, https://www.indeed.com/pagead/clk?mo=r&ad=-6NYlbfkN0Ac1dQX5O4bM0SP6UJQV27qUKlsnOLo2dFi0v4Kq4pXXbjTLEo__hQoJuK7RWb7ERiGz8klImda9ZWxKrWA6yHmKqPqSrNNdEKkCU0cr5VP2vBGjJuJ_MvwsUGLV3XaWB1V46Bakb2I6ecO3TuzroDP3xuDTdjdyQEsHNJ-tuA0RNnk1D5533sbrwTB398Km6SIr8V4Q6wMPp2bBWNMMowAwd9BTh7dWfK0VhrLAOMOyKhrPQR8kcnZliDfCT_N9Z8zSP88cybZ6M8KNdSBGYbVMi1IqXefQWpYukV9G5aD0rspNjMz8H4HrMqx3qXaojjGzQVaFGS-Y-j5F9sR2S46xkttLRMaiqGn6pEjPrVbFC4A3i1cJNk0ExVuVR7Kxhfk6Dn4Y43jjtCR8XFbEyMUZOSZHG3DTltH1oJlwDN7-T6FV4zmZBtxGuq0laRw4ZUMGoD7KPq5PcHmei0rzHVYVouvZfJ8cnB6YdvfNIsl9k99CkrRukgS4QOJa3NRec4eBp-kPW_ovJTSpGESEvyCBf4KQtKwBq5U41CVQNRJWoGwfhxXaSit&xkcb=SoA2-_M3MXV7WtX-wp0YbzkdCdPP&p=1&fvj=0&vjs=3
full details of Applications Engineer, ECCO Select, Hybrid remote in Kansas City  MO 64105, https://www.indeed.com/pagead/clk?mo=r&ad=-6NYlbfkN0BiuerAnpIpquRx4cBLnWQ2XfNd8mfiF6l28p1rSiQYG9jQ8CgfH2jK4Y6wdqhC2PkILIb-_iUFcTq8HptnoOsZj2mkzvq_s1h1dSniEOOCMK65m81nLsJ8GHJ6FvT20Q7gQNNsu6ueYWsGbVzguOSxwSP3UIVhrUtx525QHB9Up9Bk2T94WTUOMW57TSrDnRwCf8kvJ4cz2JKyXDDKIZ51g-ktx7KSP6fXQRoyNOzzkl-hCWn3-vFYKeS08nI1LJtw39zmKhAkkObgMOjAoupkAyhGQ6QATB0W3-7qiN60Qr7ynl_M2avwKnRLt0jYRQpaT1v-03DnHY0XT_WRylnDQVgSwznaTdfzDCQIc-Vnh8C5HJ2IulaLslmsMlLBlpgS9fbe1s0h3dQo6NHTGT5qCsTc_d9zohTsr9XjaeIkBMoMqg2U6QhavRsyaxhUqEweDyEw1aph1FIVA0kLNnaVMjoUVlwBYotxdHdkjQSMO6NgWDu5XGtP6UyT9zU-B5A=&xkcb=SoC4-_M3MXV7WtX-wp0fbzkdCdPP&p=2&fvj=1&vjs=3
full details of BHJOB15656_20093 - Senior Data Scientist, Myticas Consulting, Hybrid remote in Chicago  IL, https://www.indeed.com/pagead/clk?mo=r&ad=-6NYlbfkN0Bt274jo0r_e0cCCqhskoQvohXG3bfDAo8rIdE-Msu3yig4LxBWuLG9M1CcL4LX0DHyW6tIwxnYpU_qogKTRsuEg1HZL3wl6CjulWahIppEXAf0RUTJnT97nNe3B-XQcDfXxCCny7sEXIAp6At0E4jWP1vN4qEhlt65_AgiTttSHtl3mc6XKAlbknoQdjEk0A7IoOk7gn_t84juA54kE4OCeNfczjCuQBMF66r39fEy71UYub9KZwv0oyCWXCYvOj7NKy-1V--EiDZj1C3wbfFUVm_PysJ6qKO2zJgHkGdfyfayV2Ktmk9Gwhi9ZOfOHXJCmOv2CLOFEOEBmw95c8h1kK5FJySaFhDYoJm9XQeC5S4pCij0J3xeQjbXYg2nvuPEsAzd-vuV-ceMpuftqv8g7i3duySaxKtF7LSF1K2EUARMFZtQJdcNpBIVUmGyfEpuzKaqXrrBAO11llTDXlKAlJaTQFt0mhY=&xkcb=SoAM-_M3MXV7WtX-wp0ebzkdCdPP&p=3&fvj=0&vjs=3
full details of Function/Automation Analyst, The Mom Project, Hybrid remote in New York  NY, https://www.indeed.com/pagead/clk?mo=r&ad=-6NYlbfkN0BDp_epf89aHDQhKpPegNJQ_ldQpEFZQsM9OcONMGxWx6AdRWAS3kzS9ZFoNeL_9CR1dtqMIaPjQTw39jVLj69y2t3BuHJ2YoB5qeFM2dKIfgbpg68-RvwckX88d8Kp2LjbwKGS0By1mg3EvGM0pWSSLsNa3NlK6_-CF4Y_c68yi_qISYrLTrzNzcRPF5XFsUeSV17nTUYQ6Mowi2EDmCSRbsBGIgUjxzuFn7E1VP1B0tMsYoNoRDI-D_rd6mj_I1gTy2XnlLJKlrIZtxAw17KS22aVNkIhieNhM3wIpzm5OiVLEy2hEleqsB6fu9AZ31k2QJ7IA0NFZmK-HU9QBCUAp2fV4UMqWdFiiStZRzSSgamkWbR_EyCAMzGFiIbU4npRnUJgmf3DEsL9u8NejxjIgt2sx1KGWlbMmMTDL-qfqgsRhz5n3Q4V8_o2O-TSTorwZxQVJG-XYZBtq8u2bxb8QOOz6wcYTn8umBarUZI5xxLxnE2w5KPrHENFK4pb3s2PYKTPXYSPXoqIrYKTi-lmb_MR2hJs1ILKs6zx4I0Qp_t920ilAx9HtKG0gfB3pSBj1Nm0WpTRJo6bP566JYuywpU3nHd3U6YXw29Zyp4kwNa8PawCDLrT2gaLvlns0oLsBcDSq9Gz7IzH6tYXt_mJS6Wz0FPMb3GoVcl-Q4b5kN7rVqv1exay&xkcb=SoCR-_M3MXV7WtX-wp0dbzkdCdPP&p=4&fvj=0&vjs=3
full details of Python Developer, EX2 Outcoding, Remote, https://www.indeed.com/rc/clk?jk=6e85ff1c5c8fdfa7&fccid=a2a923487dc9475f&vjs=3
full details of Private Python Tutor (California  Remote), Lessonpal, Remote, https://www.indeed.com/company/Lessonpal/jobs/Tutor-9e24292b171b470a?fccid=a0114eb971a19d38&vjs=3
full details of Animator - Games Studio, Netflix, Remote, https://www.indeed.com/rc/clk?jk=314a12e285d0f8bc&fccid=66403b30a2c0d89c&vjs=3
full details of Senior Data Analyst, Curology, Remote, https://www.indeed.com/rc/clk?jk=197988213a68a8b2&fccid=544af407da89bfb9&vjs=3
full details of Python Developer, Locks Global Staffing LLC, Remote in Denver  CO 80239, https://www.indeed.com/rc/clk?jk=b6a4e5e0c03d23f0&fccid=dd616958bd9ddc12&vjs=3
full details of Quantitative Researcher, Double River Investments Limited, Remote, https://www.indeed.com/rc/clk?jk=b5b847db1c95b720&fccid=c406559b63bb60a6&vjs=3
full details of Senior Backend Software Development Engineer - Remote Position, Zillow, Remote, https://www.indeed.com/rc/clk?jk=76b075e63c3ae11b&fccid=913e1b259c8d65e2&vjs=3
full details of Business Data Analyst - GTM (Remote), Securly, Remote, https://www.indeed.com/rc/clk?jk=51d5be4679e79a5b&fccid=28d1cc7a36ec963f&vjs=3
full details of Engineering Technician, ACE Partners, None, https://www.indeed.com/pagead/clk?mo=r&ad=-6NYlbfkN0ByNdR6lR5vInkMqW9PARJ6PF3Zoox9TiDJ9pL5aH1Wohjt8MA0AmG7EppTITw_DzmcG3cpozmAajG5EIwi2zDZzvna3YT8QPwIPGkvuT_ayjWkui194id_X6NLe3BrJ3TqkK8I2Mu53mD01g1Cw-LCiHz3NiTqnIKCEnp-5fjtSrPxSRABrKSG_GwWFM8eYXKxFdUIiDDoPDDA67R2W9UqdcWI_PcMYlRBSzXN4H3USeOljtt23rMT3lPMlcjDupeFjWjNgjymskF1HaDRtfGe0ur0CTlBCTIU22wWNgLrj0sMXKTYm-jEF_uDHO_73ieGhiTKgdVeZn9cgB2PnONFi88FyOw8gRHp1i4rsit9BkK5HwZdf2UTuhNmO2wmcTbpHESdinRb0y-gpq7pfKuILSAcaLTAdvOaSIvQh5w7l0YHc6Ik0J0RW86Ot5ZgZUN1w3sC107b-SSGIIo35Hi0NSJxncGzKJPAnwJeXd9L2WVWjVWMclpWrWiaUAOxJ0U=&xkcb=SoBC-_M3MXV7WtX-wp0UbzkdCdPP&p=13&fvj=1&vjs=3
full details of Python Developer, Tek Ninjas, Texas, https://www.indeed.com/rc/clk?jk=b4ba5f038ba9e2b8&fccid=6b5ae4923070a593&vjs=3
Senior Open Source Developer & DevOps (Python  Django  React  AWS/OpenStack), OpenCraft, Anywhere in the World, https://weworkremotely.com/remote-jobs/opencraft-senior-open-source-developer-devops-python-django-react-aws-openstack
Python Testing Expert, CARU AG, Europe Only, https://weworkremotely.com/remote-jobs/caru-ag-python-testing-expert
Lead Full-Stack Software Engineer - Python / Django, InfoBeans Inc., USA Only, https://weworkremotely.com/remote-jobs/infobeans-inc-lead-full-stack-software-engineer-python-django
Senior Backend Python Engineer: Long-term job - 100% remote, Proxify AB, Latin America Only/Europe Only/EMEA Only, https://weworkremotely.com/remote-jobs/proxify-ab-senior-backend-python-engineer-long-term-job-100-remote
Senior/Staff Software Engineer - Backend/Python - USA (100% Remote), Close, USA Only, https://weworkremotely.com/remote-jobs/close-senior-staff-software-engineer-backend-python-usa-100-remote
